x,y,vx,vy,ax,ay
0.000000,0.000000,49.397582,45.264544,-0.447808,-10.210340
0.456299,0.417703,49.393446,45.170229,-0.447621,-10.209349
0.915395,0.837685,49.389276,45.075886,-0.458869,-10.220461
1.371617,1.253640,49.385003,44.981440,-0.458678,-10.219445
1.830635,1.671872,49.380802,44.887078,-0.458487,-10.218430
2.286779,2.086078,49.376533,44.792651,-0.458295,-10.217414
2.745718,2.502561,49.372335,44.698308,-0.458103,-10.216400
3.201783,2.915018,49.368069,44.603900,-0.457911,-10.215386
3.660644,3.329751,49.363875,44.509575,-0.457720,-10.214373
4.116631,3.740459,49.359612,44.415186,-0.457528,-10.213360
4.575413,4.153444,49.355422,44.320880,-0.457337,-10.212349
5.031322,4.562404,49.351163,44.226509,-0.457146,-10.211338
5.490025,4.973641,49.346976,44.132223,-0.456955,-10.210328
5.945857,5.380853,49.342721,44.037870,-0.456764,-10.209318
6.404481,5.790341,49.338537,43.943602,-0.456573,-10.208309
6.860235,6.195805,49.334285,43.849268,-0.456382,-10.207301
7.318781,6.603546,49.330105,43.755019,-0.456192,-10.206294
7.774456,7.007263,49.325857,43.660704,-0.456001,-10.205287
8.232925,7.413256,49.321681,43.566473,-0.455811,-10.204282
8.688522,7.815227,49.317436,43.472176,-0.455620,-10.203276
9.146912,8.219473,49.313263,43.377964,-0.455430,-10.202272
9.602432,8.619697,49.309021,43.283686,-0.455240,-10.201268
10.060743,9.022196,49.304852,43.189492,-0.455050,-10.200266
10.516185,9.420674,49.300614,43.095233,-0.454860,-10.199263
10.974419,9.821426,49.296449,43.001058,-0.454671,-10.198262
11.429783,10.218158,49.292214,42.906817,-0.454481,-10.197261
11.887939,10.617165,49.288052,42.812660,-0.454292,-10.196261
12.343226,11.012152,49.283821,42.718438,-0.454102,-10.195262
12.801303,11.409412,49.279662,42.624299,-0.453913,-10.194264
13.256513,11.802654,49.275435,42.530095,-0.453724,-10.193265
13.714512,12.198169,49.271279,42.435975,-0.453535,-10.192269
14.169644,12.589666,49.267055,42.341790,-0.453346,-10.191272
14.627566,12.983437,49.262904,42.247688,-0.453158,-10.190277
15.082620,13.373189,49.258683,42.153521,-0.452969,-10.189282
15.540464,13.765215,49.254535,42.059438,-0.452781,-10.188288
15.995441,14.153223,49.250318,41.965289,-0.452592,-10.187294
16.453208,14.543504,49.246173,41.871224,-0.452404,-10.186302
16.908107,14.929768,49.241960,41.777094,-0.452216,-10.185310
17.365796,15.318306,49.237818,41.683047,-0.452028,-10.184319
17.820619,15.702827,49.233608,41.588935,-0.451840,-10.183328
18.278230,16.089620,49.229470,41.494907,-0.451653,-10.182339
18.732975,16.472398,49.225264,41.400813,-0.451465,-10.181349
19.190509,16.857449,49.221130,41.306803,-0.451278,-10.180361
19.645177,17.238484,49.216926,41.212728,-0.451090,-10.179373
20.102633,17.621791,49.212795,41.118736,-0.450903,-10.178387
20.557225,18.001084,49.208596,41.024679,-0.450716,-10.177401
21.014603,18.382648,49.204468,40.930705,-0.450530,-10.176416
21.469118,18.760199,49.200272,40.836666,-0.450342,-10.175431
21.926419,19.140021,49.196148,40.742711,-0.450156,-10.174447
22.380857,19.515830,49.191955,40.648690,-0.449969,-10.173464
22.838081,19.893911,49.187835,40.554753,-0.449783,-10.172482
23.292442,20.267978,49.183645,40.460750,-0.449597,-10.171499
23.749588,20.644317,49.179528,40.366831,-0.449411,-10.170519
24.203873,21.016643,49.175342,40.272847,-0.449225,-10.169538
24.660942,21.391241,49.171229,40.178946,-0.449040,-10.168559
25.115150,21.761826,49.167046,40.084979,-0.448854,-10.167580
25.572142,22.134683,49.162936,39.991096,-0.448669,-10.166602
26.026273,22.503528,49.158757,39.897148,-0.448483,-10.165625
26.483188,22.874644,49.154650,39.803283,-0.448298,-10.164649
26.937243,23.241749,49.150475,39.709353,-0.448113,-10.163672
27.394081,23.611124,49.146371,39.615506,-0.447928,-10.162698
27.848059,23.976490,49.142199,39.521594,-0.447743,-10.161723
28.304821,24.344125,49.138099,39.427765,-0.447559,-10.160749
28.758722,24.707752,49.133930,39.333870,-0.447374,-10.159776
29.215407,25.073647,49.129834,39.240060,-0.447190,-10.158804
29.669232,25.435535,49.125668,39.146183,-0.447005,-10.157832
30.125840,25.799691,49.121575,39.052390,-0.446822,-10.156862
30.579589,26.159839,49.117413,38.958532,-0.446637,-10.155892
31.036120,26.522257,49.113323,38.864757,-0.446454,-10.154923
31.489792,26.880667,49.109165,38.770916,-0.446270,-10.153954
31.946247,27.241345,49.105078,38.677159,-0.446087,-10.152986
32.399843,27.598018,49.100923,38.583337,-0.445903,-10.152019
32.856221,27.956958,49.096840,38.489598,-0.445721,-10.151053
33.309742,28.311892,49.092688,38.395793,-0.445537,-10.150087
33.766043,28.669095,49.088609,38.302071,-0.445355,-10.149122
34.219487,29.022292,49.084460,38.208284,-0.445172,-10.148158
34.675712,29.377756,49.080384,38.114581,-0.444990,-10.147195
35.129081,29.729216,49.076239,38.020812,-0.444807,-10.146232
35.585229,30.082944,49.072166,37.927126,-0.444625,-10.145270
36.038521,30.432667,49.068024,37.833375,-0.444443,-10.144308
36.494594,30.784657,49.063955,37.739707,-0.444261,-10.143348
36.947810,31.132644,49.059816,37.645973,-0.444079,-10.142388
37.403806,31.482898,49.055750,37.552323,-0.443898,-10.141429
37.856947,31.829149,49.051615,37.458607,-0.443716,-10.140470
38.312867,32.177666,49.047552,37.364974,-0.443536,-10.139513
38.765932,32.522181,49.043421,37.271276,-0.443354,-10.138556
39.221775,32.868962,49.039361,37.177661,-0.443174,-10.137600
39.674765,33.211742,49.035233,37.083980,-0.442992,-10.136644
40.130532,33.556787,49.031177,36.990383,-0.442812,-10.135690
40.583446,33.897832,49.027052,36.896720,-0.442632,-10.134735
41.039138,34.241142,49.022999,36.803141,-0.442452,-10.133782
41.491975,34.580452,49.018877,36.709495,-0.442271,-10.132829
41.947591,34.922027,49.014828,36.615934,-0.442092,-10.131878
42.400354,35.259602,49.010710,36.522306,-0.441912,-10.130926
42.855894,35.599443,49.006663,36.428761,-0.441732,-10.129976
43.308581,35.935284,49.002548,36.335151,-0.441553,-10.129026
43.764045,36.273390,48.998506,36.241624,-0.441374,-10.128077
44.216656,36.607498,48.994394,36.148032,-0.441194,-10.127129
44.672044,36.943869,48.990354,36.054522,-0.441016,-10.126181
45.124581,37.276244,48.986246,35.960947,-0.440837,-10.125234
45.579893,37.610881,48.982210,35.867455,-0.440659,-10.124289
46.032354,37.941523,48.978105,35.773898,-0.440480,-10.123343
46.487591,38.274427,48.974072,35.680423,-0.440302,-10.122398
46.939977,38.603336,48.969970,35.586883,-0.440124,-10.121454
47.395139,38.934507,48.965940,35.493426,-0.439946,-10.120511
47.847449,39.261683,48.961842,35.399903,-0.439768,-10.119568
48.302535,39.591121,48.957816,35.306464,-0.439591,-10.118627
48.754771,39.916565,48.953720,35.212958,-0.439413,-10.117685
49.209781,40.244271,48.949697,35.119536,-0.439237,-10.116746
49.661942,40.567983,48.945605,35.026048,-0.439059,-10.115805
50.116877,40.893957,48.941585,34.932644,-0.438883,-10.114867
50.568962,41.215938,48.937497,34.839173,-0.438706,-10.113928
51.023822,41.540180,48.933480,34.745785,-0.438530,-10.112991
51.475833,41.860429,48.929395,34.652332,-0.438353,-10.112054
51.930617,42.182940,48.925382,34.558962,-0.438178,-10.111118
52.382553,42.501458,48.921299,34.465526,-0.438001,-10.110183
52.837262,42.822238,48.917289,34.372173,-0.437826,-10.109248
53.289124,43.139026,48.913210,34.278754,-0.437650,-10.108314
53.743757,43.458074,48.909204,34.185419,-0.437475,-10.107381
54.195544,43.773132,48.905128,34.092017,-0.437300,-10.106448
54.650103,44.090450,48.901124,33.998699,-0.437125,-10.105517
55.101815,44.403778,48.897052,33.905314,-0.436950,-10.104586
55.556299,44.719366,48.893052,33.812013,-0.436776,-10.103656
56.007936,45.030964,48.888982,33.718646,-0.436601,-10.102726
56.462345,45.344822,48.884985,33.625362,-0.436428,-10.101797
56.913908,45.654691,48.880919,33.532012,-0.436253,-10.100868
57.368241,45.966819,48.876925,33.438745,-0.436080,-10.099941
57.819730,46.274959,48.872862,33.345412,-0.435906,-10.099014
58.273989,46.585358,48.868872,33.252163,-0.435733,-10.098088
58.725403,46.891769,48.864812,33.158847,-0.435559,-10.097163
59.179587,47.200440,48.860825,33.065614,-0.435387,-10.096238
59.630927,47.505123,48.856768,32.972316,-0.435214,-10.095314
60.085036,47.812064,48.852784,32.879100,-0.435041,-10.094391
60.536301,48.115019,48.848731,32.785818,-0.434869,-10.093468
60.990336,48.420233,48.844750,32.692620,-0.434697,-10.092547
61.441527,48.721460,48.840699,32.599355,-0.434524,-10.091625
61.895487,49.024945,48.836722,32.506174,-0.434353,-10.090705
62.346604,49.324445,48.832675,32.412926,-0.434181,-10.089785
62.800490,49.626203,48.828700,32.319762,-0.434010,-10.088867
63.251533,49.923975,48.824656,32.226531,-0.433839,-10.087948
63.705344,50.224006,48.820685,32.133384,-0.433668,-10.087031
64.156312,50.520052,48.816644,32.040170,-0.433497,-10.086113
64.610049,50.818355,48.812676,31.947040,-0.433327,-10.085198
65.060944,51.112675,48.808638,31.853843,-0.433156,-10.084282
65.514606,51.409251,48.804673,31.760729,-0.432986,-10.083367
65.965427,51.701845,48.800639,31.667549,-0.432816,-10.082453
66.419015,51.996695,48.796677,31.574453,-0.432647,-10.081540
66.869762,52.287563,48.792645,31.481290,-0.432477,-10.080627
67.323275,52.580687,48.788686,31.388210,-0.432308,-10.079715
67.773948,52.869829,48.784658,31.295064,-0.432139,-10.078804
68.227388,53.161227,48.780702,31.202001,-0.431970,-10.077894
68.677987,53.448644,48.776677,31.108871,-0.431801,-10.076983
69.131352,53.738317,48.772725,31.015825,-0.431633,-10.076074
69.581878,54.024009,48.768703,30.922713,-0.431464,-10.075166
70.035169,54.311957,48.764753,30.829683,-0.431297,-10.074258
70.485621,54.595924,48.760735,30.736587,-0.431129,-10.073351
70.938838,54.882147,48.756788,30.643575,-0.430962,-10.072445
71.389217,55.164390,48.752772,30.550496,-0.430794,-10.071539
71.842360,55.448889,48.748829,30.457500,-0.430627,-10.070634
72.292665,55.729408,48.744816,30.364437,-0.430460,-10.069729
72.745734,56.012182,48.740876,30.271458,-0.430294,-10.068826
73.195965,56.290978,48.736867,30.178413,-0.430127,-10.067923
73.648960,56.572028,48.732929,30.085450,-0.429961,-10.067021
74.099119,56.849100,48.728923,29.992421,-0.429795,-10.066119
74.552040,57.128427,48.724989,29.899475,-0.429629,-10.065219
75.002125,57.403776,48.720985,29.806463,-0.429464,-10.064318
75.454972,57.681379,48.717054,29.713534,-0.429299,-10.063419
75.904984,57.955006,48.713054,29.620538,-0.429133,-10.062520
76.357758,58.230886,48.709126,29.527625,-0.428969,-10.061622
76.807696,58.502790,48.705129,29.434646,-0.428804,-10.060725
77.260396,58.776948,48.701204,29.341750,-0.428640,-10.059828
77.710261,59.047130,48.697209,29.248788,-0.428475,-10.058932
78.162888,59.319565,48.693287,29.155908,-0.428312,-10.058037
78.612680,59.588026,48.689296,29.062962,-0.428148,-10.057142
79.065233,59.858738,48.685377,28.970099,-0.427985,-10.056249
79.514952,60.125478,48.681389,28.877170,-0.427821,-10.055355
79.967431,60.394469,48.677473,28.784323,-0.427659,-10.054463
80.417077,60.659487,48.673488,28.691410,-0.427496,-10.053570
80.869483,60.926756,48.669575,28.598580,-0.427334,-10.052680
81.319056,61.190053,48.665593,28.505684,-0.427171,-10.051789
81.771389,61.455602,48.661683,28.412870,-0.427009,-10.050899
82.220889,61.717178,48.657704,28.319990,-0.426847,-10.050010
82.673148,61.981006,48.653797,28.227193,-0.426686,-10.049122
83.122576,62.240862,48.649820,28.134329,-0.426525,-10.048234
83.574762,62.502969,48.645917,28.041549,-0.426364,-10.047347
84.024116,62.761105,48.641943,27.948701,-0.426203,-10.046460
84.476229,63.021492,48.638042,27.855937,-0.426043,-10.045575
84.925511,63.277909,48.634072,27.763106,-0.425882,-10.044689
85.377551,63.536576,48.630174,27.670358,-0.425723,-10.043805
85.826760,63.791273,48.626207,27.577544,-0.425563,-10.042921
86.278726,64.048220,48.622312,27.484812,-0.425403,-10.042038
86.727863,64.301199,48.618347,27.392014,-0.425244,-10.041156
87.179756,64.556426,48.614455,27.299298,-0.425085,-10.040274
87.628820,64.807686,48.610494,27.206516,-0.424926,-10.039393
88.080641,65.061195,48.606604,27.113817,-0.424768,-10.038513
88.529632,65.310736,48.602646,27.021052,-0.424609,-10.037633
88.981380,65.562526,48.598760,26.928369,-0.424452,-10.036754
89.430298,65.810349,48.594804,26.835619,-0.424294,-10.035875
89.881973,66.060421,48.590921,26.742953,-0.424137,-10.034998
90.330820,66.306526,48.586968,26.650219,-0.423979,-10.034121
90.782422,66.554879,48.583087,26.557569,-0.423823,-10.033245
91.231196,66.799267,48.579138,26.464852,-0.423666,-10.032369
91.682725,67.045902,48.575260,26.372218,-0.423510,-10.031494
92.131427,67.288573,48.571313,26.279517,-0.423353,-10.030619
92.582883,67.533491,48.567439,26.186899,-0.423198,-10.029746
93.031513,67.774445,48.563494,26.094214,-0.423042,-10.028873
93.482897,68.017645,48.559623,26.001612,-0.422887,-10.028001
93.931454,68.256882,48.555681,25.908944,-0.422732,-10.027129
94.382765,68.498366,48.551813,25.816358,-0.422577,-10.026258
94.831250,68.735887,48.547874,25.723705,-0.422422,-10.025387
95.282489,68.975654,48.544008,25.631136,-0.422269,-10.024518
95.730902,69.211458,48.540073,25.538499,-0.422114,-10.023648
96.182068,69.449509,48.536209,25.445945,-0.421961,-10.022780
96.630409,69.683598,48.532277,25.353325,-0.421807,-10.021912
97.081503,69.919933,48.528416,25.260787,-0.421654,-10.021045
97.529772,70.152306,48.524487,25.168183,-0.421501,-10.020179
97.980793,70.386925,48.520629,25.075661,-0.421349,-10.019313
98.428990,70.617584,48.516702,24.983073,-0.421196,-10.018448
98.879939,70.850487,48.512847,24.890567,-0.421045,-10.017583
99.328065,71.079431,48.508923,24.797995,-0.420893,-10.016719
99.778941,71.310619,48.505071,24.705505,-0.420742,-10.015856
100.226995,71.537848,48.501150,24.612948,-0.420590,-10.014993
100.677799,71.767321,48.497301,24.520475,-0.420440,-10.014132
101.125781,71.992836,48.493382,24.427934,-0.420289,-10.013270
101.576513,72.220595,48.489536,24.335476,-0.420139,-10.012410
102.024423,72.444396,48.485620,24.242952,-0.419988,-10.011550
102.475083,72.670440,48.481776,24.150510,-0.419839,-10.010691
102.922921,72.892527,48.477863,24.058001,-0.419689,-10.009832
103.373509,73.116858,48.474022,23.965575,-0.419541,-10.008974
103.821276,73.337232,48.470112,23.873082,-0.419391,-10.008116
104.271792,73.559849,48.466274,23.780672,-0.419243,-10.007260
104.719487,73.778509,48.462366,23.688194,-0.419095,-10.006403
105.169931,73.999413,48.458531,23.595800,-0.418947,-10.005548
105.617554,74.216361,48.454626,23.503339,-0.418799,-10.004693
106.067926,74.435551,48.450794,23.410960,-0.418652,-10.003839
106.515478,74.650787,48.446891,23.318514,-0.418504,-10.002985
106.965778,74.868264,48.443062,23.226152,-0.418358,-10.002132
107.413259,75.081787,48.439162,23.133722,-0.418211,-10.001280
107.863487,75.297553,48.435335,23.041375,-0.418066,-10.000428
108.310897,75.509364,48.431438,22.948961,-0.417919,-9.999577
108.761053,75.723417,48.427614,22.856630,-0.417774,-9.998727
109.208391,75.933516,48.423720,22.764231,-0.417628,-9.997877
109.658476,76.145857,48.419898,22.671915,-0.417484,-9.997028
110.105742,76.354246,48.416007,22.579533,-0.417339,-9.996179
110.555756,76.564875,48.412187,22.487233,-0.417195,-9.995331
111.002951,76.771552,48.408299,22.394866,-0.417051,-9.994484
111.452892,76.980470,48.404482,22.302582,-0.416907,-9.993637
111.900017,77.185437,48.400596,22.210230,-0.416763,-9.992791
112.349887,77.392644,48.396783,22.117961,-0.416621,-9.991946
112.796940,77.595900,48.392899,22.025626,-0.416478,-9.991101
113.246738,77.801396,48.389088,21.933373,-0.416336,-9.990257
113.693720,78.002942,48.385207,21.841052,-0.416193,-9.989413
114.143447,78.206728,48.381399,21.748815,-0.416052,-9.988570
114.590358,78.406564,48.377520,21.656510,-0.415910,-9.987727
115.040013,78.608639,48.373715,21.564289,-0.415769,-9.986886
115.486853,78.806766,48.369839,21.471999,-0.415628,-9.986044
115.936437,79.007131,48.366036,21.379793,-0.415488,-9.985204
116.383206,79.203548,48.362163,21.287519,-0.415347,-9.984364
116.832719,79.402204,48.358362,21.195329,-0.415207,-9.983525
117.279417,79.596912,48.354492,21.103071,-0.415067,-9.982686
117.728859,79.793859,48.350694,21.010895,-0.414929,-9.981848
118.175486,79.986859,48.346826,20.918653,-0.414789,-9.981010
118.624856,80.182096,48.343030,20.826493,-0.414651,-9.980173
119.071413,80.373387,48.339165,20.734266,-0.414512,-9.979337
119.520712,80.566916,48.335372,20.642121,-0.414375,-9.978501
119.967198,80.756499,48.331509,20.549910,-0.414237,-9.977666
120.416425,80.948319,48.327719,20.457781,-0.414100,-9.976832
120.862841,81.136194,48.323859,20.365585,-0.413963,-9.975997
121.311997,81.326306,48.320071,20.273471,-0.413826,-9.975164
121.758342,81.512474,48.316213,20.181290,-0.413690,-9.974331
122.207427,81.700878,48.312428,20.089192,-0.413554,-9.973499
122.653701,81.885338,48.308572,19.997026,-0.413418,-9.972667
123.102716,82.072035,48.304790,19.904944,-0.413283,-9.971837
123.548919,82.254788,48.300937,19.812794,-0.413148,-9.971006
123.997863,82.439777,48.297157,19.720726,-0.413014,-9.970176
124.443996,82.620824,48.293306,19.628591,-0.412879,-9.969347
124.892869,82.804106,48.289528,19.536539,-0.412746,-9.968519
125.338931,82.983446,48.285681,19.444420,-0.412612,-9.967690
125.787733,83.165021,48.281905,19.352383,-0.412479,-9.966863
126.233725,83.342655,48.278060,19.260279,-0.412346,-9.966036
126.682456,83.522524,48.274287,19.168257,-0.412213,-9.965210
127.128377,83.698452,48.270444,19.076168,-0.412081,-9.964383
127.577038,83.876615,48.266674,18.984162,-0.411949,-9.963559
128.022889,84.050837,48.262833,18.892088,-0.411818,-9.962734
128.471478,84.227294,48.259065,18.800097,-0.411687,-9.961910
128.917259,84.399811,48.255227,18.708039,-0.411556,-9.961086
129.365778,84.574562,48.251462,18.616063,-0.411426,-9.960263
129.811489,84.745374,48.247626,18.524020,-0.411295,-9.959441
130.259937,84.918420,48.243863,18.432059,-0.411166,-9.958619
130.705578,85.087528,48.240030,18.340031,-0.411036,-9.957798
131.153955,85.258868,48.236269,18.248086,-0.410907,-9.956977
131.599526,85.426271,48.232438,18.156073,-0.410778,-9.956157
132.047833,85.595907,48.228680,18.064142,-0.410651,-9.955338
132.493333,85.761606,48.224851,17.972144,-0.410522,-9.954518
132.941570,85.929538,48.221095,17.880229,-0.410395,-9.953700
133.387000,86.093532,48.217269,17.788247,-0.410267,-9.952882
133.835166,86.259760,48.213515,17.696347,-0.410141,-9.952065
134.280526,86.422051,48.209691,17.604379,-0.410014,-9.951248
134.728622,86.586574,48.205940,17.512494,-0.409888,-9.950432
135.173912,86.747162,48.202119,17.420542,-0.409762,-9.949616
135.621937,86.909982,48.198370,17.328672,-0.409637,-9.948801
136.067158,87.068866,48.194550,17.236734,-0.409512,-9.947986
136.515112,87.229983,48.190804,17.144879,-0.409388,-9.947172
136.960263,87.387164,48.186987,17.052957,-0.409263,-9.946359
137.408148,87.546578,48.183242,16.961117,-0.409139,-9.945546
137.853228,87.702057,48.179428,16.869210,-0.409015,-9.944733
138.301042,87.859768,48.175686,16.777385,-0.408893,-9.943921
138.746053,88.013545,48.171873,16.685493,-0.408769,-9.943110
139.193797,88.169553,48.168134,16.593683,-0.408647,-9.942299
139.638739,88.321628,48.164324,16.501805,-0.408525,-9.941489
140.086412,88.475933,48.160586,16.410011,-0.408404,-9.940679
140.531284,88.626307,48.156778,16.318148,-0.408282,-9.939870
140.978888,88.778911,48.153043,16.226368,-0.408162,-9.939061
141.423689,88.927583,48.149237,16.134521,-0.408041,-9.938253
141.871223,89.078485,48.145504,16.042756,-0.407921,-9.937445
142.315955,89.225456,48.141701,15.950923,-0.407801,-9.936638
142.763419,89.374656,48.137970,15.859173,-0.407682,-9.935831
143.208081,89.519926,48.134169,15.767356,-0.407562,-9.935025
143.655475,89.667425,48.130440,15.675621,-0.407444,-9.934220
144.100068,89.810995,48.126641,15.583818,-0.407326,-9.933414
144.547391,89.956793,48.122914,15.492098,-0.407208,-9.932610
144.991915,90.098663,48.119118,15.400309,-0.407090,-9.931805
145.439168,90.242761,48.115393,15.308604,-0.406974,-9.931002
145.883622,90.382930,48.111599,15.216831,-0.406857,-9.930199
146.330806,90.525327,48.107877,15.125141,-0.406741,-9.929396
146.775191,90.663797,48.104084,15.033382,-0.406624,-9.928594
147.222305,90.804494,48.100364,14.941707,-0.406509,-9.927793
147.666620,90.941264,48.096574,14.849963,-0.406394,-9.926991
148.113664,91.080262,48.092856,14.758302,-0.406279,-9.926191
148.557910,91.215333,48.089068,14.666573,-0.406165,-9.925391
149.004884,91.352631,48.085352,14.574927,-0.406051,-9.924591
149.449061,91.486003,48.081566,14.483213,-0.405937,-9.923792
149.895965,91.621602,48.077852,14.391582,-0.405825,-9.922994
150.340073,91.753275,48.074068,14.299883,-0.405712,-9.922195
150.786908,91.887175,48.070356,14.208266,-0.405600,-9.921398
151.230946,92.017150,48.066574,14.116582,-0.405487,-9.920600
151.677711,92.149351,48.062865,14.024980,-0.405376,-9.919804
152.121680,92.277628,48.059085,13.933310,-0.405265,-9.919008
152.568375,92.408131,48.055377,13.841723,-0.405154,-9.918212
153.012275,92.534710,48.051600,13.750068,-0.405044,-9.917417
153.458901,92.663514,48.047894,13.658496,-0.404934,-9.916622
153.902732,92.788396,48.044118,13.566855,-0.404824,-9.915828
154.349288,92.915503,48.040415,13.475297,-0.404716,-9.915034
154.793050,93.038687,48.036641,13.383672,-0.404607,-9.914240
155.239537,93.164096,48.032940,13.292129,-0.404499,-9.913448
155.683229,93.285583,48.029168,13.200518,-0.404391,-9.912655
156.129647,93.409295,48.025468,13.108989,-0.404283,-9.911863
156.573270,93.529085,48.021698,13.017393,-0.404176,-9.911071
157.019619,93.651100,48.018001,12.925879,-0.404070,-9.910281
157.463173,93.769194,48.014233,12.834297,-0.403963,-9.909490
157.909452,93.889512,48.010538,12.742798,-0.403858,-9.908700
158.352937,94.005910,48.006772,12.651231,-0.403752,-9.907910
158.799147,94.124531,48.003078,12.559746,-0.403648,-9.907121
159.242563,94.239233,47.999314,12.468193,-0.403543,-9.906332
159.688703,94.356158,47.995623,12.376723,-0.403439,-9.905544
160.132051,94.469165,47.991861,12.285185,-0.403335,-9.904756
160.578122,94.584394,47.988171,12.193730,-0.403232,-9.903968
161.021401,94.695705,47.984411,12.102206,-0.403129,-9.903181
161.467403,94.809238,47.980723,12.010765,-0.403027,-9.902395
161.910613,94.918854,47.976965,11.919256,-0.402924,-9.901608
162.356545,95.030692,47.973279,11.827830,-0.402823,-9.900823
162.799686,95.138613,47.969522,11.736335,-0.402722,-9.900037
163.245550,95.248755,47.965838,11.644923,-0.402621,-9.899253
163.688622,95.354982,47.962084,11.553443,-0.402521,-9.898468
164.134416,95.463430,47.958402,11.462046,-0.402421,-9.897684
164.577420,95.567962,47.954649,11.370580,-0.402321,-9.896900
165.023145,95.674715,47.950969,11.279198,-0.402223,-9.896117
165.466081,95.777553,47.947218,11.187746,-0.402124,-9.895334
165.911736,95.882612,47.943539,11.096378,-0.402026,-9.894552
166.354603,95.983756,47.939790,11.004941,-0.401928,-9.893770
166.800190,96.087121,47.936113,10.913587,-0.401831,-9.892989
167.242988,96.186572,47.932366,10.822165,-0.401734,-9.892207
167.688506,96.288243,47.928691,10.730826,-0.401638,-9.891427
168.131236,96.386000,47.924946,10.639418,-0.401541,-9.890646
168.576684,96.485978,47.921273,10.548093,-0.401446,-9.889867
169.019345,96.582042,47.917529,10.456699,-0.401351,-9.889087
169.464725,96.680326,47.913858,10.365389,-0.401256,-9.888308
169.907318,96.774698,47.910116,10.274010,-0.401162,-9.887529
170.352629,96.871289,47.906446,10.182713,-0.401068,-9.886751
170.795153,96.963969,47.902706,10.091349,-0.400975,-9.885973
171.240395,97.058867,47.899038,10.000067,-0.400882,-9.885195
171.682851,97.149854,47.895299,9.908717,-0.400789,-9.884418
172.128024,97.243060,47.891633,9.817449,-0.400698,-9.883641
172.570411,97.332355,47.887896,9.726113,-0.400606,-9.882865
173.015516,97.423869,47.884232,9.634860,-0.400515,-9.882089
173.457835,97.511473,47.880497,9.543538,-0.400424,-9.881313
173.902870,97.601294,47.876834,9.452299,-0.400334,-9.880538
174.345121,97.687206,47.873100,9.360992,-0.400244,-9.879763
174.790088,97.775336,47.869439,9.269768,-0.400155,-9.878989
175.232270,97.859558,47.865707,9.178475,-0.400066,-9.878214
175.677168,97.945996,47.862048,9.087264,-0.399977,-9.877441
176.119282,98.028526,47.858318,8.995986,-0.399889,-9.876667
176.564112,98.113274,47.854660,8.904790,-0.399802,-9.875894
177.006158,98.194113,47.850931,8.813525,-0.399714,-9.875121
177.450918,98.277170,47.847275,8.722344,-0.399628,-9.874349
177.892896,98.356319,47.843548,8.631094,-0.399541,-9.873577
178.337588,98.437685,47.839893,8.539926,-0.399456,-9.872805
178.779498,98.515145,47.836168,8.448690,-0.399370,-9.872034
179.224121,98.594820,47.832515,8.357537,-0.399286,-9.871263
179.665963,98.670590,47.828791,8.266316,-0.399201,-9.870492
180.110518,98.748575,47.825139,8.175177,-0.399118,-9.869722
180.552291,98.822655,47.821417,8.083969,-0.399034,-9.868952
180.996777,98.898950,47.817767,7.992845,-0.398951,-9.868183
181.438482,98.971341,47.814046,7.901651,-0.398868,-9.867413
181.882900,99.045947,47.810398,7.810541,-0.398786,-9.866644
182.324537,99.116649,47.806679,7.719362,-0.398704,-9.865875
182.768887,99.189565,47.803032,7.628266,-0.398623,-9.865107
183.210456,99.258579,47.799314,7.537101,-0.398542,-9.864339
183.654737,99.329806,47.795669,7.446019,-0.398462,-9.863572
184.096238,99.397131,47.791952,7.354868,-0.398382,-9.862804
184.540450,99.466669,47.788308,7.263800,-0.398303,-9.862037
184.981883,99.532306,47.784594,7.172664,-0.398224,-9.861270
185.426027,99.600156,47.780951,7.081610,-0.398146,-9.860504
185.867393,99.664105,47.777238,6.990488,-0.398067,-9.859738
186.311468,99.730266,47.773597,6.899448,-0.397990,-9.858972
186.752766,99.792527,47.769885,6.808340,-0.397913,-9.858207
187.196773,99.857001,47.766245,6.717315,-0.397837,-9.857442
187.638002,99.917575,47.762534,6.626221,-0.397760,-9.856677
188.081941,99.980360,47.758896,6.535209,-0.397685,-9.855912
188.523103,100.039247,47.755187,6.444130,-0.397609,-9.855148
188.966973,100.100345,47.751550,6.353132,-0.397535,-9.854384
189.408067,100.157545,47.747843,6.262067,-0.397460,-9.853620
189.851869,100.216956,47.744207,6.171084,-0.397387,-9.852857
190.292895,100.272469,47.740501,6.080032,-0.397313,-9.852093
190.736629,100.330193,47.736867,5.989063,-0.397241,-9.851331
191.177587,100.384020,47.733162,5.898025,-0.397168,-9.850568
191.621253,100.440057,47.729529,5.807070,-0.397096,-9.849806
192.062144,100.492198,47.725825,5.716047,-0.397024,-9.849044
192.505741,100.546549,47.722194,5.625106,-0.396954,-9.848282
192.946564,100.597004,47.718491,5.534097,-0.396883,-9.847520
193.390093,100.649669,47.714861,5.443170,-0.396813,-9.846759
193.830848,100.698438,47.711160,5.352175,-0.396743,-9.845998
194.274310,100.749417,47.707531,5.261262,-0.396674,-9.845238
194.714997,100.796500,47.703831,5.170281,-0.396605,-9.844477
195.158390,100.845794,47.700204,5.079382,-0.396538,-9.843717
195.599009,100.891192,47.696505,4.988415,-0.396470,-9.842957
196.042335,100.938800,47.692879,4.897530,-0.396403,-9.842198
196.482886,100.982514,47.689181,4.806577,-0.396336,-9.841438
196.926144,101.028437,47.685556,4.715707,-0.396270,-9.840679
197.366628,101.070466,47.681860,4.624767,-0.396204,-9.839920
197.809817,101.114704,47.678236,4.533911,-0.396139,-9.839161
198.250233,101.155049,47.674541,4.442986,-0.396073,-9.838402
198.693354,101.197602,47.670919,4.352143,-0.396009,-9.837644
199.133703,101.236263,47.667225,4.261232,-0.395945,-9.836886
199.576756,101.277132,47.663604,4.170404,-0.395882,-9.836129
200.017038,101.314110,47.659911,4.079506,-0.395819,-9.835371
200.460023,101.353294,47.656291,3.988692,-0.395757,-9.834614
200.900236,101.388588,47.652599,3.897809,-0.395694,-9.833856
201.343153,101.426089,47.648980,3.807008,-0.395633,-9.833100
201.783300,101.459700,47.645290,3.716139,-0.395572,-9.832343
202.226149,101.495517,47.641672,3.625352,-0.395511,-9.831587
202.666228,101.527445,47.637983,3.534497,-0.395451,-9.830830
203.109009,101.561579,47.634366,3.443725,-0.395392,-9.830074
203.549020,101.591823,47.630678,3.352883,-0.395332,-9.829318
203.991733,101.624274,47.627062,3.262125,-0.395274,-9.828563
204.431677,101.652837,47.623375,3.171298,-0.395215,-9.827807
204.874323,101.683605,47.619760,3.080553,-0.395158,-9.827052
205.314199,101.710485,47.616074,2.989740,-0.395100,-9.826297
205.756777,101.739571,47.612460,2.899009,-0.395044,-9.825542
206.196586,101.764769,47.608776,2.808210,-0.394987,-9.824787
206.639095,101.792172,47.605163,2.717493,-0.394932,-9.824033
207.078837,101.815689,47.601479,2.626707,-0.394876,-9.823278
207.521279,101.841410,47.597867,2.536005,-0.394822,-9.822524
207.960953,101.863245,47.594185,2.445233,-0.394767,-9.821770
208.403327,101.887285,47.590574,2.354544,-0.394714,-9.821017
208.842934,101.907438,47.586892,2.263787,-0.394660,-9.820263
209.285240,101.929797,47.583282,2.173112,-0.394608,-9.819510
209.724780,101.948269,47.579602,2.082368,-0.394555,-9.818756
210.167018,101.968946,47.575993,1.991707,-0.394503,-9.818003
210.606491,101.985739,47.572313,1.900977,-0.394451,-9.817250
211.048661,102.004734,47.568705,1.810330,-0.394401,-9.816497
211.488066,102.019846,47.565026,1.719614,-0.394350,-9.815745
211.930169,102.037161,47.561420,1.628981,-0.394300,-9.814992
212.369507,102.050593,47.557742,1.538279,-0.394250,-9.814240
212.811542,102.066228,47.554136,1.447660,-0.394202,-9.813488
213.250812,102.077979,47.550459,1.356972,-0.394153,-9.812735
213.692780,102.091934,47.546854,1.266366,-0.394105,-9.811984
214.131983,102.102006,47.543177,1.175692,-0.394057,-9.811232
214.573883,102.114280,47.539573,1.085101,-0.394010,-9.810480
215.013019,102.122673,47.535898,0.994440,-0.393963,-9.809729
215.454851,102.133268,47.532295,0.903863,-0.393918,-9.808978
215.893920,102.139982,47.528620,0.813216,-0.393872,-9.808226
216.335684,102.148897,47.525018,0.722652,-0.393827,-9.807475
216.774686,102.153932,47.521344,0.632020,-0.393782,-9.806724
217.216382,102.161168,47.517742,0.541470,-0.393738,-9.805973
217.655317,102.164524,47.514070,0.450851,-0.393694,-9.805222
218.096946,102.170081,47.510469,0.360315,-0.393651,-9.804472
218.535813,102.171759,47.506797,0.269711,-0.393608,-9.803721
218.977375,102.175637,47.503197,0.179188,-0.393566,-9.802971
219.416175,102.175637,47.499526,0.088598,-0.393524,-9.802221
219.857669,102.177837,47.495926,-0.001911,-0.393483,-9.801471
220.296401,102.176159,47.492256,-0.092488,-0.393441,-9.800720
220.737828,102.176681,47.488657,-0.182982,-0.393401,-9.799971
221.176493,102.173325,47.484988,-0.273545,-0.393361,-9.799220
221.617852,102.172169,47.481390,-0.364026,-0.393322,-9.798471
222.056451,102.167136,47.477721,-0.454575,-0.393283,-9.797721
222.497742,102.164303,47.474124,-0.545042,-0.393245,-9.796971
222.936274,102.157593,47.470456,-0.635578,-0.393206,-9.796222
223.377497,102.153082,47.466859,-0.726030,-0.393169,-9.795472
223.815962,102.144695,47.463192,-0.816552,-0.393132,-9.794723
224.257118,102.138506,47.459596,-0.906991,-0.393096,-9.793974
224.695515,102.128443,47.455929,-0.997499,-0.393059,-9.793224
225.136604,102.120578,47.452334,-1.087924,-0.393024,-9.792475
225.574934,102.108838,47.448668,-1.178418,-0.392989,-9.791726
226.015955,102.099297,47.445073,-1.268829,-0.392955,-9.790977
226.454219,102.085881,47.441408,-1.359310,-0.392920,-9.790228
226.895172,102.074663,47.437814,-1.449707,-0.392887,-9.789479
227.333368,102.059571,47.434149,-1.540173,-0.392853,-9.788730
227.774255,102.046677,47.430556,-1.630557,-0.392821,-9.787982
228.212384,102.029910,47.426892,-1.721009,-0.392788,-9.787233
228.653203,102.015340,47.423299,-1.811379,-0.392757,-9.786484
229.091265,101.996898,47.419635,-1.901818,-0.392725,-9.785735
229.532016,101.980652,47.416043,-1.992174,-0.392695,-9.784987
229.970011,101.960535,47.412380,-2.082599,-0.392664,-9.784238
230.410695,101.942614,47.408789,-2.172941,-0.392635,-9.783490
230.848623,101.920822,47.405126,-2.263352,-0.392605,-9.782741
231.289239,101.901226,47.401535,-2.353680,-0.392577,-9.781993
231.727100,101.877759,47.397873,-2.444077,-0.392548,-9.781244
232.167649,101.856488,47.394283,-2.534392,-0.392521,-9.780496
232.605443,101.831348,47.390621,-2.624775,-0.392493,-9.779747
233.045925,101.808402,47.387031,-2.715076,-0.392466,-9.778999
233.483652,101.781587,47.383370,-2.805445,-0.392439,-9.778251
233.924066,101.756967,47.379781,-2.895732,-0.392414,-9.777503
234.361727,101.728479,47.376120,-2.986088,-0.392388,-9.776754
234.802073,101.702185,47.372531,-3.076361,-0.392363,-9.776006
235.239666,101.672023,47.368871,-3.166703,-0.392338,-9.775258
235.679946,101.644055,47.365283,-3.256962,-0.392315,-9.774510
236.117472,101.612220,47.361623,-3.347290,-0.392291,-9.773761
236.557684,101.582579,47.358035,-3.437535,-0.392268,-9.773013
236.995143,101.549071,47.354376,-3.527850,-0.392245,-9.772264
237.435288,101.517756,47.350788,-3.618081,-0.392223,-9.771516
237.872680,101.482576,47.347129,-3.708382,-0.392201,-9.770768
238.312758,101.449588,47.343542,-3.798599,-0.392180,-9.770020
238.750083,101.412735,47.339884,-3.888886,-0.392159,-9.769271
239.190093,101.378074,47.336297,-3.979090,-0.392139,-9.768523
239.627352,101.339549,47.332639,-4.069362,-0.392119,-9.767775
240.067294,101.303216,47.329053,-4.159553,-0.392100,-9.767026
240.504486,101.263019,47.325395,-4.249811,-0.392080,-9.766278
240.944361,101.225013,47.321809,-4.339988,-0.392062,-9.765530
241.381486,101.183144,47.318151,-4.430233,-0.392044,-9.764781
241.821294,101.143467,47.314566,-4.520395,-0.392027,-9.764033
242.258352,101.099927,47.310908,-4.610626,-0.392010,-9.763284
242.698092,101.058578,47.307323,-4.700775,-0.391993,-9.762536
243.135083,101.013366,47.303666,-4.790992,-0.391977,-9.761787
243.574756,100.970346,47.300081,-4.881127,-0.391962,-9.761038
244.011680,100.923463,47.296425,-4.971331,-0.391946,-9.760289
244.451286,100.878771,47.292840,-5.061452,-0.391932,-9.759541
244.888143,100.830218,47.289183,-5.151641,-0.391917,-9.758792
245.327682,100.783855,47.285599,-5.241749,-0.391904,-9.758043
245.764472,100.733632,47.281943,-5.331924,-0.391890,-9.757294
246.203943,100.685598,47.278359,-5.422018,-0.391878,-9.756546
246.640667,100.633705,47.274703,-5.512180,-0.391865,-9.755796
247.080071,100.584001,47.271119,-5.602259,-0.391853,-9.755048
247.516728,100.530437,47.267463,-5.692407,-0.391842,-9.754298
247.956064,100.479063,47.263879,-5.782473,-0.391831,-9.753549
248.392654,100.423830,47.260224,-5.872607,-0.391820,-9.752800
248.831923,100.370786,47.256640,-5.962659,-0.391810,-9.752051
249.268446,100.313883,47.252985,-6.052780,-0.391800,-9.751301
249.707648,100.259169,47.249402,-6.142818,-0.391792,-9.750552
250.144104,100.200598,47.245747,-6.232924,-0.391783,-9.749802
250.583239,100.144214,47.242164,-6.322948,-0.391775,-9.749052
251.019628,100.083974,47.238509,-6.413041,-0.391766,-9.748302
251.458696,100.025921,47.234925,-6.503051,-0.391760,-9.747553
251.895018,99.964012,47.231271,-6.593130,-0.391752,-9.746803
252.334018,99.904291,47.227688,-6.683127,-0.391746,-9.746053
252.770274,99.840713,47.224033,-6.773192,-0.391740,-9.745302
253.209206,99.779323,47.220450,-6.863174,-0.391735,-9.744553
253.645395,99.714078,47.216796,-6.953226,-0.391729,-9.743802
254.084261,99.651019,47.213213,-7.043194,-0.391725,-9.743052
254.520383,99.584106,47.209558,-7.133232,-0.391721,-9.742301
254.959181,99.519379,47.205976,-7.223186,-0.391717,-9.741551
255.395236,99.450798,47.202321,-7.313210,-0.391714,-9.740800
255.833967,99.384403,47.198739,-7.403151,-0.391711,-9.740049
256.269955,99.314155,47.195084,-7.493161,-0.391708,-9.739298
256.708619,99.246093,47.191502,-7.583088,-0.391707,-9.738547
257.144540,99.174178,47.187847,-7.673083,-0.391705,-9.737795
257.583136,99.104448,47.184265,-7.762996,-0.391704,-9.737044
258.018991,99.030866,47.180610,-7.852978,-0.391703,-9.736293
258.457520,98.959469,47.177028,-7.942878,-0.391704,-9.735541
258.893308,98.884220,47.173374,-8.032846,-0.391704,-9.734789
259.331770,98.811157,47.169791,-8.122731,-0.391705,-9.734038
259.767491,98.734242,47.166137,-8.212685,-0.391706,-9.733285
260.205885,98.659511,47.162554,-8.302557,-0.391708,-9.732534
260.641539,98.580931,47.158900,-8.392497,-0.391709,-9.731781
261.079866,98.504534,47.155317,-8.482354,-0.391712,-9.731029
261.515454,98.424287,47.151663,-8.572281,-0.391715,-9.730276
261.953714,98.346224,47.148080,-8.662124,-0.391719,-9.729524
262.389234,98.264312,47.144426,-8.752037,-0.391722,-9.728770
262.827427,98.184583,47.140843,-8.841867,-0.391727,-9.728018
263.262880,98.101006,47.137188,-8.931765,-0.391731,-9.727264
263.701006,98.019611,47.133606,-9.021581,-0.391737,-9.726511
264.136392,97.934369,47.129951,-9.111466,-0.391742,-9.725757
264.574450,97.851309,47.126368,-9.201267,-0.391748,-9.725004
265.009770,97.764402,47.122713,-9.291138,-0.391754,-9.724250
265.447761,97.679678,47.119130,-9.380926,-0.391761,-9.723496
265.883014,97.591106,47.115475,-9.470783,-0.391768,-9.722742
266.320938,97.504716,47.111892,-9.560557,-0.391776,-9.721988
266.756124,97.414481,47.108237,-9.650400,-0.391784,-9.721233
267.193980,97.326426,47.104654,-9.740160,-0.391793,-9.720479
267.629099,97.234527,47.100999,-9.829989,-0.391802,-9.719723
268.066888,97.144808,47.097415,-9.919735,-0.391812,-9.718969
268.501941,97.051245,47.093760,-10.009550,-0.391821,-9.718213
268.939663,96.959862,47.090176,-10.099282,-0.391832,-9.717458
269.374648,96.864635,47.086521,-10.189083,-0.391842,-9.716702
269.812303,96.771589,47.082937,-10.278801,-0.391854,-9.715947
270.247221,96.674699,47.079281,-10.368588,-0.391865,-9.715190
270.684808,96.579989,47.075697,-10.458293,-0.391877,-9.714435
271.119660,96.481436,47.072041,-10.548066,-0.391889,-9.713678
271.557180,96.385063,47.068457,-10.637756,-0.391902,-9.712922
271.991965,96.284847,47.064800,-10.727515,-0.391915,-9.712165
272.429417,96.186811,47.061216,-10.817191,-0.391929,-9.711408
272.864136,96.084933,47.057559,-10.906937,-0.391943,-9.710650
273.301521,95.985234,47.053975,-10.996599,-0.391958,-9.709893
273.736172,95.881694,47.050318,-11.086330,-0.391972,-9.709136
274.173490,95.780332,47.046733,-11.175978,-0.391988,-9.708378
274.608074,95.675130,47.043076,-11.265695,-0.392003,-9.707620
275.045325,95.572107,47.039490,-11.355330,-0.392020,-9.706862
275.479842,95.465243,47.035833,-11.445033,-0.392036,-9.706103
275.917025,95.360557,47.032247,-11.534653,-0.392053,-9.705345
276.351476,95.252032,47.028590,-11.624342,-0.392070,-9.704586
276.788592,95.145685,47.025004,-11.713948,-0.392088,-9.703827
277.222975,95.035499,47.021346,-11.803624,-0.392106,-9.703067
277.660024,94.927490,47.017760,-11.893216,-0.392125,-9.702308
278.094341,94.815643,47.014101,-11.982877,-0.392144,-9.701548
278.531322,94.705973,47.010515,-12.072455,-0.392163,-9.700788
278.965572,94.592465,47.006856,-12.162102,-0.392183,-9.700027
279.402485,94.481134,47.003269,-12.251666,-0.392203,-9.699267
279.836668,94.365966,46.999610,-12.341299,-0.392224,-9.698506
280.273515,94.252975,46.996022,-12.430849,-0.392245,-9.697745
280.707631,94.136146,46.992363,-12.520468,-0.392266,-9.696984
281.144410,94.021494,46.988775,-12.610004,-0.392288,-9.696223
281.578459,93.903007,46.985115,-12.699609,-0.392310,-9.695461
282.015170,93.786694,46.981527,-12.789131,-0.392333,-9.694699
282.449153,93.666547,46.977867,-12.878722,-0.392355,-9.693937
282.885797,93.548575,46.974278,-12.968229,-0.392379,-9.693174
283.319712,93.426768,46.970617,-13.057806,-0.392402,-9.692411
283.756289,93.307137,46.967028,-13.147300,-0.392427,-9.691649
284.190137,93.183671,46.963367,-13.236863,-0.392451,-9.690885
284.626647,93.062380,46.959778,-13.326342,-0.392476,-9.690122
285.060428,92.937255,46.956116,-13.415891,-0.392501,-9.689358
285.496870,92.814305,46.952526,-13.505356,-0.392527,-9.688594
285.930584,92.687522,46.948864,-13.594891,-0.392553,-9.687830
286.366959,92.562913,46.945274,-13.684342,-0.392580,-9.687065
286.800606,92.434472,46.941611,-13.773862,-0.392606,-9.686300
287.236913,92.308204,46.938020,-13.863299,-0.392634,-9.685535
287.670494,92.178105,46.934357,-13.952806,-0.392661,-9.684770
288.106733,92.050179,46.930766,-14.042229,-0.392689,-9.684004
288.540247,91.918422,46.927102,-14.131721,-0.392717,-9.683238
288.976419,91.788838,46.923510,-14.221130,-0.392746,-9.682472
289.409866,91.655424,46.919846,-14.310608,-0.392775,-9.681705
289.845970,91.524182,46.916253,-14.400002,-0.392805,-9.680939
290.279350,91.389110,46.912589,-14.489466,-0.392834,-9.680171
290.715387,91.256211,46.908996,-14.578847,-0.392865,-9.679404
291.148699,91.119482,46.905330,-14.668296,-0.392895,-9.678636
291.584669,90.984926,46.901737,-14.757663,-0.392926,-9.677869
292.017914,90.846541,46.898071,-14.847098,-0.392957,-9.677100
292.453817,90.710327,46.894477,-14.936450,-0.392989,-9.676332
292.886995,90.570285,46.890810,-15.025871,-0.393021,-9.675563
293.322830,90.432415,46.887216,-15.115209,-0.393054,-9.674794
293.755941,90.290717,46.883548,-15.204616,-0.393086,-9.674024
294.191708,90.151190,46.879953,-15.293940,-0.393120,-9.673255
294.624753,90.007837,46.876285,-15.383333,-0.393153,-9.672484
295.060452,89.866654,46.872689,-15.472642,-0.393187,-9.671714
295.493429,89.721645,46.869021,-15.562021,-0.393221,-9.670943
295.929062,89.578806,46.865425,-15.651316,-0.393256,-9.670173
296.361972,89.432141,46.861756,-15.740680,-0.393290,-9.669401
296.797536,89.287646,46.858158,-15.829961,-0.393326,-9.668630
297.230379,89.139327,46.854489,-15.919311,-0.393361,-9.667858
297.665876,88.993176,46.850891,-16.008578,-0.393398,-9.667086
298.098652,88.843202,46.847221,-16.097914,-0.393434,-9.666313
298.534082,88.695397,46.843622,-16.187167,-0.393471,-9.665540
298.966790,88.543768,46.839951,-16.276488,-0.393507,-9.664767
299.402152,88.394307,46.836352,-16.365726,-0.393545,-9.663994
299.834794,88.241024,46.832680,-16.455033,-0.393582,-9.663220
300.270088,88.089909,46.829080,-16.544257,-0.393621,-9.662446
300.702662,87.934972,46.825408,-16.633550,-0.393659,-9.661671
301.137889,87.782203,46.821807,-16.722760,-0.393698,-9.660897
301.570396,87.625611,46.818134,-16.812038,-0.393737,-9.660121
302.005555,87.471188,46.814533,-16.901234,-0.393777,-9.659346
302.437995,87.312943,46.810859,-16.990498,-0.393816,-9.658570
302.873087,87.156866,46.807257,-17.079679,-0.393857,-9.657794
303.305460,86.996968,46.803583,-17.168929,-0.393897,-9.657017
303.740484,86.839238,46.799980,-17.258095,-0.393938,-9.656241
304.172789,86.677687,46.796304,-17.347331,-0.393979,-9.655463
304.607745,86.518303,46.792701,-17.436483,-0.394020,-9.654686
305.039984,86.355099,46.789025,-17.525704,-0.394062,-9.653908
305.474872,86.194062,46.785420,-17.614842,-0.394104,-9.653130
305.907043,86.029206,46.781744,-17.704049,-0.394147,-9.652351
306.341864,85.866516,46.778138,-17.793173,-0.394190,-9.651573
306.773968,85.700008,46.774461,-17.882365,-0.394232,-9.650793
307.208721,85.535666,46.770855,-17.971474,-0.394276,-9.650014
307.640758,85.367506,46.767176,-18.060652,-0.394320,-9.649234
308.075443,85.201511,46.763570,-18.149747,-0.394364,-9.648454
308.507412,85.031699,46.759890,-18.238910,-0.394408,-9.647673
308.942030,84.864053,46.756283,-18.327991,-0.394453,-9.646892
309.373932,84.692590,46.752603,-18.417140,-0.394498,-9.646110
309.808482,84.523291,46.748994,-18.506206,-0.394544,-9.645329
310.240316,84.350177,46.745313,-18.595341,-0.394589,-9.644547
310.674799,84.179228,46.741704,-18.684392,-0.394635,-9.643764
311.106566,84.004463,46.738022,-18.773512,-0.394681,-9.642981
311.540980,83.831862,46.734412,-18.862549,-0.394728,-9.642199
311.972680,83.655446,46.730730,-18.951655,-0.394775,-9.641415
312.407027,83.481194,46.727119,-19.040677,-0.394823,-9.640631
312.838659,83.303128,46.723435,-19.129769,-0.394870,-9.639847
313.272938,83.127226,46.719823,-19.218777,-0.394918,-9.639062
313.704503,82.947510,46.716139,-19.307853,-0.394966,-9.638277
314.138714,82.769957,46.712526,-19.396847,-0.395015,-9.637492
314.570212,82.588592,46.708841,-19.485909,-0.395063,-9.636706
315.004355,82.409389,46.705227,-19.574888,-0.395113,-9.635920
315.435786,82.226374,46.701541,-19.663936,-0.395162,-9.635133
315.869861,82.045521,46.697927,-19.752900,-0.395212,-9.634347
316.301224,81.860856,46.694239,-19.841934,-0.395262,-9.633559
316.735231,81.678354,46.690624,-19.930884,-0.395312,-9.632772
317.166527,81.492041,46.686936,-20.019902,-0.395363,-9.631983
317.600466,81.307889,46.683320,-20.108838,-0.395414,-9.631195
318.031694,81.119927,46.679631,-20.197842,-0.395465,-9.630406
318.465566,80.934127,46.676013,-20.286762,-0.395516,-9.629617
318.896726,80.744516,46.672323,-20.375752,-0.395568,-9.628828
319.330530,80.557067,46.668705,-20.464658,-0.395620,-9.628038
319.761623,80.365808,46.665014,-20.553633,-0.395672,-9.627247
320.195359,80.176711,46.661395,-20.642525,-0.395725,-9.626457
320.626384,79.983804,46.657703,-20.731485,-0.395778,-9.625665
321.060052,79.793058,46.654083,-20.820362,-0.395832,-9.624874
321.491010,79.598504,46.650390,-20.909308,-0.395885,-9.624082
321.924610,79.406110,46.646769,-20.998170,-0.395939,-9.623290
322.355500,79.209909,46.643075,-21.087101,-0.395993,-9.622497
322.789032,79.015867,46.639452,-21.175949,-0.396047,-9.621704
323.219855,78.818019,46.635758,-21.264865,-0.396102,-9.620910
323.653318,78.622330,46.632134,-21.353698,-0.396157,-9.620117
324.084074,78.422835,46.628438,-21.442600,-0.396212,-9.619322
324.517469,78.225498,46.624814,-21.531418,-0.396268,-9.618528
324.948157,78.024357,46.621117,-21.620305,-0.396323,-9.617733
325.381485,77.825374,46.617492,-21.709109,-0.396379,-9.616937
325.812105,77.622586,46.613794,-21.797981,-0.396435,-9.616141
326.245364,77.421956,46.610168,-21.886770,-0.396492,-9.615345
326.675917,77.217522,46.606469,-21.975628,-0.396549,-9.614548
327.109108,77.015246,46.602841,-22.064402,-0.396606,-9.613751
327.539593,76.809167,46.599141,-22.153245,-0.396663,-9.612953
327.972716,76.605245,46.595513,-22.242005,-0.396721,-9.612156
328.403133,76.397520,46.591812,-22.330833,-0.396779,-9.611357
328.836188,76.191952,46.588182,-22.419578,-0.396837,-9.610559
329.266538,75.982582,46.584480,-22.508391,-0.396896,-9.609759
329.699525,75.775369,46.580849,-22.597121,-0.396955,-9.608960
330.129806,75.564354,46.577146,-22.685920,-0.397013,-9.608160
330.562725,75.355495,46.573515,-22.774635,-0.397073,-9.607360
330.992939,75.142836,46.569810,-22.863419,-0.397132,-9.606558
331.425790,74.932332,46.566177,-22.952119,-0.397192,-9.605757
331.855936,74.718028,46.562472,-23.040888,-0.397252,-9.604956
332.288718,74.505880,46.558838,-23.129574,-0.397312,-9.604154
332.718796,74.289932,46.555131,-23.218328,-0.397373,-9.603351
333.151510,74.076140,46.551496,-23.306999,-0.397434,-9.602548
333.581521,73.858548,46.547789,-23.395738,-0.397494,-9.601745
334.014167,73.643112,46.544153,-23.484394,-0.397556,-9.600941
334.444110,73.423876,46.540444,-23.573119,-0.397617,-9.600137
334.876687,73.206796,46.536806,-23.661760,-0.397679,-9.599332
335.306562,72.985917,46.533096,-23.750470,-0.397741,-9.598527
335.739071,72.767193,46.529458,-23.839096,-0.397803,-9.597722
336.168878,72.544672,46.525747,-23.927791,-0.397866,-9.596916
336.601319,72.324305,46.522107,-24.016402,-0.397929,-9.596110
337.031058,72.100140,46.518395,-24.105082,-0.397991,-9.595303
337.463431,71.878130,46.514754,-24.193678,-0.398055,-9.594496
337.893102,71.652324,46.511041,-24.282343,-0.398118,-9.593688
338.325406,71.428671,46.507399,-24.370925,-0.398182,-9.592880
338.755010,71.201222,46.503684,-24.459575,-0.398245,-9.592071
339.187245,70.975927,46.500041,-24.548141,-0.398310,-9.591263
339.616781,70.746836,46.496325,-24.636776,-0.398374,-9.590453
340.048948,70.519899,46.492681,-24.725328,-0.398439,-9.589643
340.478416,70.289166,46.488964,-24.813948,-0.398503,-9.588833
340.910514,70.060587,46.485319,-24.902485,-0.398569,-9.588023
341.339914,69.828213,46.481600,-24.991090,-0.398634,-9.587211
341.771944,69.597992,46.477954,-25.079612,-0.398700,-9.586400
342.201276,69.363978,46.474234,-25.168202,-0.398765,-9.585588
342.633238,69.132115,46.470587,-25.256708,-0.398831,-9.584775
343.062501,68.896460,46.466866,-25.345284,-0.398897,-9.583962
343.494394,68.662957,46.463217,-25.433775,-0.398964,-9.583149
343.923590,68.425661,46.459495,-25.522336,-0.399030,-9.582335
344.355415,68.190517,46.455845,-25.610812,-0.399098,-9.581521
344.784542,67.951581,46.452121,-25.699357,-0.399164,-9.580707
345.216298,67.714796,46.448470,-25.787819,-0.399232,-9.579892
345.645357,67.474220,46.444745,-25.876349,-0.399299,-9.579076
346.077045,67.235795,46.441093,-25.964795,-0.399367,-9.578260
346.506036,66.993580,46.437367,-26.053310,-0.399435,-9.577444
346.937655,66.753515,46.433713,-26.141742,-0.399503,-9.576627
347.366578,66.509660,46.429986,-26.230242,-0.399572,-9.575809
347.798129,66.267955,46.426331,-26.318658,-0.399640,-9.574992
348.226983,66.022462,46.422603,-26.407143,-0.399709,-9.574174
348.658465,65.779118,46.418946,-26.495544,-0.399778,-9.573355
349.087252,65.531985,46.415216,-26.584014,-0.399847,-9.572536
349.518665,65.287002,46.411559,-26.672399,-0.399917,-9.571717
349.947383,65.038231,46.407828,-26.760854,-0.399986,-9.570896
350.378728,64.791609,46.404169,-26.849225,-0.400056,-9.570076
350.807378,64.541199,46.400437,-26.937664,-0.400126,-9.569255
351.238653,64.292939,46.396776,-27.026020,-0.400197,-9.568434
351.667235,64.040891,46.393043,-27.114444,-0.400267,-9.567612
352.098442,63.790993,46.389381,-27.202785,-0.400338,-9.566790
352.526956,63.537308,46.385647,-27.291194,-0.400408,-9.565967
352.958094,63.285771,46.381984,-27.379519,-0.400480,-9.565144
353.386539,63.030449,46.378248,-27.467913,-0.400550,-9.564320
353.817609,62.777274,46.374583,-27.556223,-0.400622,-9.563496
354.245985,62.520315,46.370846,-27.644602,-0.400694,-9.562672
354.676986,62.265503,46.367180,-27.732896,-0.400766,-9.561847
355.105294,62.006906,46.363442,-27.821260,-0.400837,-9.561021
355.536226,61.750457,46.359775,-27.909539,-0.400910,-9.560196
355.964466,61.490224,46.356035,-27.997888,-0.400982,-9.559369
356.395329,61.232138,46.352366,-28.086152,-0.401055,-9.558543
356.823501,60.970270,46.348625,-28.174485,-0.401127,-9.557715
357.254295,60.710547,46.344956,-28.262734,-0.401200,-9.556888
357.682398,60.447042,46.341213,-28.351051,-0.401273,-9.556059
358.113123,60.185683,46.337542,-28.439285,-0.401347,-9.555231
358.541158,59.920542,46.333798,-28.527587,-0.401420,-9.554401
358.971814,59.657548,46.330125,-28.615806,-0.401494,-9.553572
359.399780,59.390771,46.326380,-28.704093,-0.401568,-9.552742
359.830367,59.126141,46.322706,-28.792296,-0.401642,-9.551912
360.258265,58.857730,46.318960,-28.880567,-0.401716,-9.551080
360.688783,58.591464,46.315285,-28.968755,-0.401790,-9.550249
361.116612,58.321418,46.311536,-29.057011,-0.401865,-9.549417
361.547062,58.053516,46.307860,-29.145184,-0.401940,-9.548585
361.974822,57.781836,46.304110,-29.233424,-0.402014,-9.547752
362.405203,57.512300,46.300433,-29.321581,-0.402090,-9.546919
362.832894,57.238985,46.296682,-29.409807,-0.402165,-9.546085
363.263206,56.967814,46.293003,-29.497948,-0.402240,-9.545251
363.690829,56.692866,46.289250,-29.586158,-0.402316,-9.544416
364.121071,56.420060,46.285570,-29.674285,-0.402392,-9.543581
364.548626,56.143478,46.281816,-29.762479,-0.402467,-9.542745
364.978799,55.869039,46.278134,-29.850590,-0.402544,-9.541910
365.406285,55.590823,46.274379,-29.938769,-0.402620,-9.541073
365.836388,55.314750,46.270695,-30.026864,-0.402696,-9.540236
366.263806,55.034901,46.266939,-30.115028,-0.402773,-9.539398
366.693840,54.757195,46.263254,-30.203108,-0.402850,-9.538561
367.121189,54.475713,46.259496,-30.291256,-0.402926,-9.537722
367.551154,54.196374,46.255810,-30.379320,-0.403004,-9.536884
367.978434,53.913260,46.252050,-30.467453,-0.403080,-9.536044
368.408330,53.632287,46.248363,-30.555502,-0.403158,-9.535204
368.835541,53.347541,46.244602,-30.643619,-0.403235,-9.534364
369.265368,53.064936,46.240913,-30.731652,-0.403313,-9.533523
369.692510,52.778557,46.237151,-30.819754,-0.403391,-9.532682
370.122268,52.494320,46.233460,-30.907772,-0.403469,-9.531841
370.549342,52.206310,46.229696,-30.995858,-0.403547,-9.530998
370.979030,51.920441,46.226004,-31.083860,-0.403626,-9.530156
371.406035,51.630799,46.222239,-31.171931,-0.403704,-9.529312
371.835654,51.343298,46.218546,-31.259917,-0.403783,-9.528469
372.262589,51.052026,46.214779,-31.347972,-0.403861,-9.527625
372.692139,50.762893,46.211084,-31.435943,-0.403940,-9.526781
373.119006,50.469990,46.207316,-31.523982,-0.404019,-9.525935
373.548486,50.179226,46.203620,-31.611938,-0.404098,-9.525090
373.975284,49.884692,46.199851,-31.699962,-0.404177,-9.524244
374.404695,49.592298,46.196153,-31.787901,-0.404257,-9.523398
374.831424,49.296134,46.192382,-31.875909,-0.404336,-9.522551
375.260765,49.002109,46.188682,-31.963833,-0.404416,-9.521704
375.687425,48.704315,46.184910,-32.051826,-0.404496,-9.520856
376.116697,48.408659,46.181209,-32.139734,-0.404576,-9.520008
376.543288,48.109236,46.177435,-32.227711,-0.404656,-9.519159
376.972490,47.811950,46.173733,-32.315604,-0.404737,-9.518310
377.399012,47.510897,46.169958,-32.403565,-0.404817,-9.517460
377.828145,47.211982,46.166254,-32.491442,-0.404898,-9.516610
378.254598,46.909300,46.162477,-32.579387,-0.404978,-9.515759
378.683661,46.608756,46.158772,-32.667249,-0.405059,-9.514908
379.110045,46.304445,46.154993,-32.755179,-0.405140,-9.514056
379.539039,46.002271,46.151287,-32.843024,-0.405221,-9.513205
379.965353,45.696332,46.147507,-32.930938,-0.405302,-9.512352
380.394277,45.392530,46.143799,-33.018768,-0.405384,-9.511499
380.820523,45.084962,46.140017,-33.106666,-0.405465,-9.510645
381.249377,44.779531,46.136308,-33.194480,-0.405547,-9.509792
381.675553,44.470335,46.132525,-33.282363,-0.405628,-9.508937
382.104339,44.163276,46.128813,-33.370161,-0.405710,-9.508082
382.530445,43.852453,46.125029,-33.458027,-0.405792,-9.507226
382.959161,43.543766,46.121316,-33.545810,-0.405874,-9.506371
383.385198,43.231316,46.117530,-33.633661,-0.405956,-9.505514
383.813844,42.921001,46.113816,-33.721427,-0.406039,-9.504658
384.239812,42.606923,46.110029,-33.809262,-0.406121,-9.503800
384.668388,42.294982,46.106313,-33.897013,-0.406204,-9.502943
385.094287,41.979277,46.102524,-33.984832,-0.406286,-9.502084
385.522793,41.665708,46.098807,-34.072567,-0.406369,-9.501226
385.948623,41.348377,46.095016,-34.160371,-0.406452,-9.500366
386.377059,41.033182,46.091297,-34.248090,-0.406535,-9.499507
386.802820,40.714225,46.087505,-34.335877,-0.406618,-9.498647
387.231186,40.397402,46.083785,-34.423580,-0.406702,-9.497786
387.656877,40.076820,46.079991,-34.511352,-0.406785,-9.496925
388.085174,39.758371,46.076269,-34.599039,-0.406869,-9.496064
388.510795,39.436163,46.072474,-34.686794,-0.406952,-9.495201
388.939022,39.116089,46.068751,-34.774466,-0.407036,-9.494339
389.364574,38.792255,46.064954,-34.862205,-0.407119,-9.493476
389.792731,38.470555,46.061229,-34.949861,-0.407204,-9.492613
390.218214,38.145097,46.057431,-35.037585,-0.407287,-9.491748
390.646301,37.821771,46.053704,-35.125224,-0.407372,-9.490884
391.071714,37.494688,46.049905,-35.212932,-0.407456,-9.490019
391.499731,37.169738,46.046177,-35.300555,-0.407540,-9.489154
391.925074,36.841030,46.042375,-35.388247,-0.407624,-9.488288
392.353021,36.514455,46.038646,-35.475854,-0.407709,-9.487422
392.778295,36.184124,46.034843,-35.563530,-0.407794,-9.486555
393.206172,35.855924,46.031111,-35.651121,-0.407879,-9.485688
393.631377,35.523969,46.027307,-35.738781,-0.407963,-9.484820
394.059184,35.194146,46.023574,-35.826357,-0.408048,-9.483952
394.484318,34.860567,46.019768,-35.914000,-0.408133,-9.483083
394.912055,34.529119,46.016034,-36.001560,-0.408219,-9.482214
395.337120,34.193917,46.012226,-36.089187,-0.408304,-9.481344
395.764787,33.860847,46.008490,-36.176731,-0.408389,-9.480474
396.189782,33.524021,46.004681,-36.264342,-0.408474,-9.479603
396.617379,33.189328,46.000944,-36.351869,-0.408560,-9.478732
397.042305,32.850880,45.997133,-36.439465,-0.408645,-9.477860
397.469831,32.514563,45.993394,-36.526976,-0.408731,-9.476989
397.894687,32.174493,45.989581,-36.614555,-0.408817,-9.476116
398.322143,31.836554,45.985841,-36.702050,-0.408903,-9.475243
398.746930,31.494862,45.982027,-36.789613,-0.408989,-9.474369
399.174316,31.155300,45.978284,-36.877092,-0.409075,-9.473496
399.599032,30.811986,45.974469,-36.964639,-0.409161,-9.472621
400.026348,30.470802,45.970725,-37.052102,-0.409247,-9.471747
400.450994,30.125867,45.966908,-37.139633,-0.409333,-9.470871
400.878240,29.783062,45.963163,-37.227079,-0.409420,-9.469995
401.302817,29.436506,45.959344,-37.314594,-0.409506,-9.469119
401.729992,29.092079,45.955597,-37.402024,-0.409593,-9.468242
402.154499,28.743902,45.951776,-37.489523,-0.409680,-9.467365
402.581603,28.397854,45.948028,-37.576937,-0.409767,-9.466487
403.006040,28.048056,45.944206,-37.664419,-0.409853,-9.465609
403.433075,27.700388,45.940456,-37.751817,-0.409940,-9.464730
403.857442,27.348970,45.936632,-37.839283,-0.410027,-9.463851
404.284406,26.999680,45.932880,-37.926665,-0.410114,-9.462972
404.708703,26.646643,45.929055,-38.014115,-0.410201,-9.462091
405.135596,26.295733,45.925302,-38.101480,-0.410289,-9.461211
405.559823,25.941076,45.921475,-38.188914,-0.410376,-9.460330
405.986647,25.588547,45.917720,-38.276263,-0.410463,-9.459448
406.410804,25.232270,45.913891,-38.363680,-0.410550,-9.458566
406.837556,24.878121,45.910135,-38.451013,-0.410638,-9.457684
407.261643,24.520226,45.906305,-38.538414,-0.410725,-9.456801
407.688325,24.164457,45.902546,-38.625730,-0.410813,-9.455918
408.112342,23.804943,45.898715,-38.713115,-0.410901,-9.455033
408.538954,23.447556,45.894955,-38.800415,-0.410989,-9.454149
408.962900,23.086423,45.891122,-38.887783,-0.411076,-9.453264
409.389441,22.727417,45.887360,-38.975067,-0.411165,-9.452379
409.813318,22.364666,45.883525,-39.062419,-0.411252,-9.451493
410.239788,22.004042,45.879762,-39.149687,-0.411341,-9.450607
410.663595,21.639674,45.875926,-39.237022,-0.411429,-9.449720
411.089994,21.277431,45.872161,-39.324273,-0.411517,-9.448833
411.513730,20.911445,45.868323,-39.411593,-0.411605,-9.447945
411.940060,20.547585,45.864556,-39.498827,-0.411694,-9.447058
412.363725,20.179982,45.860717,-39.586130,-0.411782,-9.446169
412.789984,19.814504,45.856949,-39.673348,-0.411871,-9.445280
413.213579,19.445284,45.853107,-39.760635,-0.411959,-9.444390
413.639767,19.078189,45.849337,-39.847836,-0.412048,-9.443500
414.063292,18.707352,45.845494,-39.935106,-0.412136,-9.442610
414.489409,18.338640,45.841723,-40.022292,-0.412225,-9.441719
414.912864,17.966187,45.837878,-40.109545,-0.412313,-9.440827
415.338910,17.595859,45.834105,-40.196714,-0.412402,-9.439936
415.762295,17.221790,45.830259,-40.283951,-0.412491,-9.439043
416.188270,16.849845,45.826485,-40.371103,-0.412580,-9.438150
416.611584,16.474161,45.822637,-40.458324,-0.412669,-9.437257
417.037489,16.100600,45.818860,-40.545460,-0.412758,-9.436363
417.460732,15.723300,45.815011,-40.632664,-0.412847,-9.435469
417.886566,15.348124,45.811233,-40.719783,-0.412937,-9.434574
418.309739,14.969209,45.807382,-40.806971,-0.413025,-9.433679
418.735502,14.592417,45.803602,-40.894073,-0.413115,-9.432784
419.158605,14.211888,45.799749,-40.981244,-0.413204,-9.431887
419.584296,13.833481,45.795968,-41.068330,-0.413294,-9.430991
420.007329,13.451337,45.792113,-41.155485,-0.413383,-9.430094
420.432949,13.071316,45.788331,-41.242554,-0.413473,-9.429196
420.855911,12.687558,45.784474,-41.329692,-0.413562,-9.428298
421.281461,12.305921,45.780690,-41.416745,-0.413652,-9.427400
421.704352,11.920550,45.776832,-41.503867,-0.413741,-9.426501
422.129830,11.537299,45.773046,-41.590903,-0.413831,-9.425602
422.552651,11.150314,45.769186,-41.678008,-0.413920,-9.424702
422.978059,10.765450,45.765399,-41.765027,-0.414010,-9.423802
423.400809,10.376852,45.761537,-41.852115,-0.414100,-9.422901
423.826145,9.990374,45.757748,-41.939119,-0.414190,-9.422000
424.248824,9.600163,45.753885,-42.026190,-0.414279,-9.421098
424.674089,9.212072,45.750094,-42.113176,-0.414370,-9.420196
425.096698,8.820248,45.746230,-42.200231,-0.414459,-9.419293
425.521892,8.430544,45.742437,-42.287201,-0.414550,-9.418390
425.944430,8.037108,45.738571,-42.374239,-0.414639,-9.417486
426.369553,7.645792,45.734776,-42.461192,-0.414730,-9.416583
426.792020,7.250744,45.730908,-42.548213,-0.414820,-9.415678
427.217072,6.857815,45.727112,-42.635150,-0.414910,-9.414773
427.639468,6.461156,45.723243,-42.722154,-0.415000,-9.413867
428.064448,6.066615,45.719445,-42.809074,-0.415091,-9.412962
428.486774,5.668344,45.715574,-42.896062,-0.415181,-9.412055
428.911683,5.272192,45.711774,-42.982965,-0.415271,-9.411149
429.333938,4.872310,45.707902,-43.069936,-0.415361,-9.410241
429.758776,4.474546,45.704100,-43.156822,-0.415452,-9.409334
430.180959,4.073053,45.700226,-43.243776,-0.415542,-9.408425
430.605726,3.673679,45.696423,-43.330646,-0.415633,-9.407517
431.027839,3.270576,45.692547,-43.417583,-0.415723,-9.406608
431.452534,2.869590,45.688743,-43.504436,-0.415814,-9.405699
431.874576,2.464877,45.684865,-43.591357,-0.415904,-9.404788
432.299199,2.062281,45.681059,-43.678192,-0.415995,-9.403878
432.721170,1.655958,45.677179,-43.765096,-0.416085,-9.402967
433.145722,1.251752,45.673371,-43.851915,-0.416176,-9.402056
433.567622,0.843820,45.669490,-43.938802,-0.416267,-9.401144
433.992103,0.438004,45.665681,-44.025604,-0.416358,-9.400232
434.413932,0.028462,45.661798,-44.112475,-0.416448,-9.399319
